Region,Stores,Avg_Stockout_Risk,Max_Stockout_Risk,Avg_Reorder_Point,Total_Safety_Stock
East-India,175,0.11175940530003498,0.6892133400124202,50917.246,742990.6
Kerala,190,0.10793255622351552,0.6766171600907032,49834.668,886823.75
North-India,210,0.10557312703500615,0.6220924691098736,55621.45,1430677.8
Pan-India,170,0.12270764015508041,0.6945766616428337,50422.0,779336.75
Tamil Nadu,170,0.13413812517643464,0.6771036694547434,49651.094,685971.4
West-India,200,0.12367011315602054,0.689586957438124,53110.03,948274.5
