Region,Stores,Avg_Stockout_Risk,Max_Stockout_Risk,Avg_Reorder_Point,Total_Safety_Stock
Central India,20,0.4954865,1.0,1498.4299324701444,48159.61685019328
East India,40,0.54200375,1.0,1395.1508430525216,82293.32656347439
North India,60,0.542875,1.0,1315.3258642210162,94353.06502576038
Northeast India,18,0.50993335,1.0,1557.9213262064427,31393.518826748747
South India,60,0.5854095,1.0,1365.5269244621918,96517.85160882192
West India,60,0.56631553,1.0,1414.5648228958369,108761.15250462544
