Region,Stores,Avg_Stockout_Risk,Max_Stockout_Risk,Avg_Reorder_Point,Total_Safety_Stock
East India,12,0.47050667,1.0,1264.3695886871783,30044.117957529877
North India,14,0.44066,1.0,1210.9092176908694,25704.244887680612
South India,14,0.5178614,1.0,1273.8628064260859,22133.427283213663
West India,14,0.52434784,1.0,1313.5562001050312,27260.833192786526
